<?xml version="1.0" encoding="UTF-8"?>
<metadata>
  <identifier>google-meet-secure-video-meetings-v-2021.01.24.355466926.-release-apkpure.com_202108</identifier>
  <mediatype>data</mediatype>
  <collection>opensource_media</collection>
  <description>Video</description>
  <scanner>Internet Archive HTML5 Uploader 1.6.4</scanner>
  <subject>Sex</subject>
  <title>google-meet-secure-video-meetings-v-2021.01.24.355466926.-release-apkpure.com</title>
  <subject>hookup</subject>
  <subject>video</subject>
  <subject>chat</subject>
  <subject>dating</subject>
  <uploader>clintslaugh@yahoo.com</uploader>
  <collection>community</collection>
  <publicdate>2021-08-14 01:49:08</publicdate>
  <addeddate>2021-08-14 01:49:08</addeddate>
  <curation>[curator]validator@archive.org[/curator][date]20210814015455[/date][comment]checked for malware[/comment]</curation>
</metadata>
