<?xml version="1.0" encoding="UTF-8"?>
<files>
  <file name="google-meet-secure-video-meetings-v-2021.01.24.355466926.-release-apkpure.com.zip" source="original">
    <mtime>1628905717</mtime>
    <size>19807554</size>
    <md5>66eca1fafb54a754f15cd714c61f82bf</md5>
    <crc32>96d1ab3e</crc32>
    <sha1>8b5ecf18ea3c92fc610be76f4045f1a6621ea9c8</sha1>
    <format>ZIP</format>
    <viruscheck>1628906095</viruscheck>
  </file>
  <file name="google-meet-secure-video-meetings-v-2021.01.24.355466926.-release-apkpure.com_202108_archive.torrent" source="metadata">
    <btih>095fcbf2c961375806ce192af3a9f05eece60f7e</btih>
    <mtime>1628906096</mtime>
    <size>3073</size>
    <md5>36373a7b034bfe5167c270698e6ad03e</md5>
    <crc32>5afd1d1c</crc32>
    <sha1>f6d26394320eaa4af99f1253253ec7653c869b0a</sha1>
    <format>Archive BitTorrent</format>
  </file>
  <file name="google-meet-secure-video-meetings-v-2021.01.24.355466926.-release-apkpure.com_202108_files.xml" source="original">
    <format>Metadata</format>
    <md5>0a564b8c68711388c926f317a2086864</md5>
    <summation>md5</summation>
  </file>
  <file name="google-meet-secure-video-meetings-v-2021.01.24.355466926.-release-apkpure.com_202108_meta.sqlite" source="original">
    <mtime>1628905758</mtime>
    <size>20480</size>
    <md5>a1e9741c9f9e1d4954a5b6dadfb16697</md5>
    <crc32>a0ddfd50</crc32>
    <sha1>b2404427865b353b14832ac4502ed9ea2d47f15b</sha1>
    <format>Metadata</format>
  </file>
  <file name="google-meet-secure-video-meetings-v-2021.01.24.355466926.-release-apkpure.com_202108_meta.xml" source="original">
    <mtime>1628906095</mtime>
    <size>874</size>
    <md5>64279090a7b89aaf0ab7b1788ade90fd</md5>
    <crc32>3d7c110d</crc32>
    <sha1>298ea9ac73900555c8a0784e7b7b941086d15e8d</sha1>
    <format>Metadata</format>
  </file>
</files>
